{
 "name": "ModI18N",
 "version": "alpha1.0.2",
 "styleFileList": [
  "css-base-i18n-fix.css"
 ],
 "scriptFileList_earlyload": [
  "dist/earlyload/earlyload.js"
 ],
 "scriptFileList_inject_early": [
  "dist/i18nLoad.js"
 ],
 "scriptFileList_preload": [
  "dist/preload/preload.js"
 ],
 "scriptFileList": [],
 "tweeFileList": [],
 "imgFileList": [
  "img/misc/banner.png"
 ],
 "additionFile": [
  "README.md",
  "i18n.json"
 ],
 "addonPlugin": [
  {
   "modName": "ModLoader DoL ImageLoaderHook",
   "addonName": "ImageLoaderAddon",
   "modVersion": "^2.3.0",
   "params": []
  }
 ],
 "dependenceInfo": [
  {
   "modName": "ModLoader",
   "version": "^2.5.2"
  },
  {
   "modName": "GameVersion",
   "version": "=0.4.5.3"
  },
  {
   "modName": "ModLoader DoL ImageLoaderHook",
   "version": "^2.3.0"
  }
 ]
}